Date;Jahreszeit;Wetter;Wochentag;Feiertag;Event;Croissant_Fruehstueck;Burger_Mittagessen;Burger_Abendessen;Salat_Mittagessen;Salat_Abendessen;Cola_Mittagessen;Cola_Abendessen
01.01.2023;Winter;Regnerisch;Sunday;True;False;414;220;331;6;8;130;196
02.01.2023;Winter;Regnerisch;Monday;False;True;218;269;404;6;8;126;188
03.01.2023;Winter;Bewoelkt;Tuesday;False;False;206;217;326;6;9;109;163
04.01.2023;Winter;Bewoelkt;Wednesday;False;False;184;199;299;6;8;126;188
05.01.2023;Winter;Bewoelkt;Thursday;False;False;190;220;331;6;10;106;160
06.01.2023;Winter;Sonnig;Friday;True;False;240;216;324;6;8;212;318
07.01.2023;Winter;Regnerisch;Saturday;False;False;391;216;324;5;7;130;194
08.01.2023;Winter;Bewoelkt;Sunday;False;False;376;274;410;6;10;118;178
09.01.2023;Winter;Regnerisch;Monday;False;False;212;214;322;6;8;125;187
10.01.2023;Winter;Regnerisch;Tuesday;False;False;218;236;353;5;8;146;220
11.01.2023;Winter;Sonnig;Wednesday;False;False;220;239;358;6;10;208;312
12.01.2023;Winter;Regnerisch;Thursday;False;False;220;193;290;6;9;110;166
13.01.2023;Winter;Bewoelkt;Friday;False;False;228;231;347;6;8;120;180
14.01.2023;Winter;Schnee;Saturday;False;False;399;202;303;6;8;112;168
15.01.2023;Winter;Regnerisch;Sunday;False;False;433;222;333;6;8;116;174
16.01.2023;Winter;Bewoelkt;Monday;False;False;200;239;358;6;9;118;176
17.01.2023;Winter;Schnee;Tuesday;False;True;164;232;349;6;8;135;203
18.01.2023;Winter;Schnee;Wednesday;False;False;196;226;340;6;9;119;179
19.01.2023;Winter;Schnee;Thursday;False;False;194;213;319;6;8;138;206
20.01.2023;Winter;Sonnig;Friday;False;False;206;257;385;6;9;186;280
21.01.2023;Winter;Sonnig;Saturday;False;False;414;239;358;6;8;190;286
22.01.2023;Winter;Sonnig;Sunday;False;False;338;217;326;6;9;178;267
23.01.2023;Winter;Schnee;Monday;False;False;186;224;335;6;10;95;143
24.01.2023;Winter;Sonnig;Tuesday;False;False;178;202;303;6;8;237;355
25.01.2023;Winter;Bewoelkt;Wednesday;False;True;224;255;383;5;8;107;161
26.01.2023;Winter;Sonnig;Thursday;False;False;218;252;379;6;10;201;302
27.01.2023;Winter;Schnee;Friday;False;False;192;211;317;6;10;128;192
28.01.2023;Winter;Bewoelkt;Saturday;False;False;384;190;285;5;7;126;190
29.01.2023;Winter;Sonnig;Sunday;False;True;395;219;328;6;10;197;296
30.01.2023;Winter;Regnerisch;Monday;False;False;172;230;344;6;8;102;154
31.01.2023;Winter;Bewoelkt;Tuesday;False;False;176;182;274;6;10;126;190
01.02.2023;Winter;Sonnig;Wednesday;False;False;222;211;317;6;9;171;257
02.02.2023;Winter;Bewoelkt;Thursday;False;False;166;216;324;6;9;105;157
03.02.2023;Winter;Bewoelkt;Friday;False;False;186;251;376;6;8;122;182
04.02.2023;Winter;Sonnig;Saturday;False;False;361;216;324;6;10;188;281
05.02.2023;Winter;Regnerisch;Sunday;False;False;407;202;303;6;10;122;184
06.02.2023;Winter;Bewoelkt;Monday;False;False;194;246;370;6;8;130;194
07.02.2023;Winter;Regnerisch;Tuesday;False;False;224;207;310;6;9;122;182
08.02.2023;Winter;Bewoelkt;Wednesday;False;False;202;248;371;6;9;133;199
09.02.2023;Winter;Sonnig;Thursday;False;False;202;240;360;6;9;182;274
10.02.2023;Winter;Schnee;Friday;False;False;174;230;344;6;8;121;181
11.02.2023;Winter;Bewoelkt;Saturday;False;False;429;254;381;6;8;125;187
12.02.2023;Winter;Bewoelkt;Sunday;False;False;361;214;322;6;9;132;198
13.02.2023;Winter;Sonnig;Monday;False;True;176;228;342;6;9;192;287
14.02.2023;Winter;Schnee;Tuesday;False;False;204;242;362;6;9;109;163
15.02.2023;Winter;Bewoelkt;Wednesday;False;False;218;213;319;6;9;134;202
16.02.2023;Winter;Schnee;Thursday;False;False;186;190;285;6;10;113;169
17.02.2023;Winter;Schnee;Friday;False;False;186;204;305;7;11;110;166
18.02.2023;Winter;Regnerisch;Saturday;False;False;418;248;371;6;9;119;179
19.02.2023;Winter;Schnee;Sunday;False;False;369;222;333;6;10;125;187
20.02.2023;Winter;Regnerisch;Monday;False;False;210;239;358;6;10;127;191
21.02.2023;Winter;Regnerisch;Tuesday;False;False;204;236;353;6;9;121;181
22.02.2023;Winter;Bewoelkt;Wednesday;False;False;214;222;333;6;9;134;200
23.02.2023;Winter;Regnerisch;Thursday;False;False;134;207;310;6;8;115;173
24.02.2023;Winter;Sonnig;Friday;False;True;198;240;360;6;10;231;347
25.02.2023;Winter;Schnee;Saturday;False;False;380;186;278;6;10;138;206
26.02.2023;Winter;Bewoelkt;Sunday;False;False;426;220;331;6;10;122;184
27.02.2023;Winter;Sonnig;Monday;False;False;170;236;353;6;8;214;320
28.02.2023;Winter;Bewoelkt;Tuesday;False;False;196;236;353;6;9;102;154
01.03.2023;Fruehling;Regnerisch;Wednesday;False;False;214;236;353;6;9;102;154
02.03.2023;Fruehling;Regnerisch;Thursday;False;False;220;264;397;6;9;117;175
03.03.2023;Fruehling;Bewoelkt;Friday;False;False;222;270;406;6;10;116;174
04.03.2023;Fruehling;Sonnig;Saturday;False;True;426;234;351;6;10;198;298
05.03.2023;Fruehling;Regnerisch;Sunday;False;False;369;264;397;5;7;110;166
06.03.2023;Fruehling;Bewoelkt;Monday;False;False;212;228;342;7;10;114;170
07.03.2023;Fruehling;Sonnig;Tuesday;False;False;194;255;383;5;8;192;287
08.03.2023;Fruehling;Regnerisch;Wednesday;False;False;202;207;310;7;10;127;191
09.03.2023;Fruehling;Bewoelkt;Thursday;False;False;208;243;365;6;10;126;188
10.03.2023;Fruehling;Sonnig;Friday;False;True;212;232;349;6;10;218;326
11.03.2023;Fruehling;Bewoelkt;Saturday;False;False;407;230;344;7;10;135;203
12.03.2023;Fruehling;Bewoelkt;Sunday;False;False;403;213;319;6;8;132;198
13.03.2023;Fruehling;Bewoelkt;Monday;False;False;200;214;322;6;8;144;216
14.03.2023;Fruehling;Bewoelkt;Tuesday;False;False;250;230;344;6;10;116;174
15.03.2023;Fruehling;Regnerisch;Wednesday;False;False;174;230;344;6;9;119;179
16.03.2023;Fruehling;Bewoelkt;Thursday;False;True;192;274;410;5;8;134;200
17.03.2023;Fruehling;Regnerisch;Friday;False;False;176;222;333;6;8;124;186
18.03.2023;Fruehling;Bewoelkt;Saturday;False;False;418;249;374;6;8;122;184
19.03.2023;Fruehling;Regnerisch;Sunday;False;False;372;254;381;6;10;138;208
20.03.2023;Fruehling;Sonnig;Monday;False;False;194;210;314;6;9;197;296
21.03.2023;Fruehling;Regnerisch;Tuesday;False;False;218;245;367;6;8;105;157
22.03.2023;Fruehling;Bewoelkt;Wednesday;False;False;172;230;344;5;7;108;162
23.03.2023;Fruehling;Bewoelkt;Thursday;False;False;182;190;285;6;9;139;209
24.03.2023;Fruehling;Bewoelkt;Friday;False;False;206;230;344;6;9;114;170
25.03.2023;Fruehling;Bewoelkt;Saturday;False;False;464;210;314;7;11;136;204
26.03.2023;Fruehling;Regnerisch;Sunday;False;False;399;254;381;6;9;110;166
27.03.2023;Fruehling;Bewoelkt;Monday;False;False;218;219;328;6;10;133;199
28.03.2023;Fruehling;Regnerisch;Tuesday;False;False;144;239;358;6;9;120;180
29.03.2023;Fruehling;Sonnig;Wednesday;False;False;188;239;358;6;9;207;310
30.03.2023;Fruehling;Sonnig;Thursday;False;False;154;211;317;6;8;244;365
31.03.2023;Fruehling;Regnerisch;Friday;False;False;192;194;292;6;9;127;191
01.04.2023;Fruehling;Bewoelkt;Saturday;False;False;395;237;356;5;7;112;168
02.04.2023;Fruehling;Sonnig;Sunday;False;False;334;213;319;6;8;167;251
03.04.2023;Fruehling;Bewoelkt;Monday;False;True;252;219;328;6;8;130;194
04.04.2023;Fruehling;Sonnig;Tuesday;False;False;230;232;349;7;11;232;349
05.04.2023;Fruehling;Sonnig;Wednesday;False;True;188;243;365;6;9;210;314
06.04.2023;Fruehling;Sonnig;Thursday;False;False;180;240;360;6;8;192;287
07.04.2023;Fruehling;Bewoelkt;Friday;False;False;178;220;331;6;9;114;172
08.04.2023;Fruehling;Bewoelkt;Saturday;False;False;391;210;314;6;9;121;181
09.04.2023;Fruehling;Regnerisch;Sunday;True;False;365;198;296;6;9;132;198
10.04.2023;Fruehling;Sonnig;Monday;True;False;220;236;353;6;9;189;284
11.04.2023;Fruehling;Sonnig;Tuesday;False;False;186;228;342;5;8;250;376
12.04.2023;Fruehling;Regnerisch;Wednesday;False;False;216;211;317;7;10;138;206
13.04.2023;Fruehling;Sonnig;Thursday;False;False;210;220;331;7;10;214;320
14.04.2023;Fruehling;Regnerisch;Friday;False;False;156;201;301;6;9;107;161
15.04.2023;Fruehling;Sonnig;Saturday;False;False;365;222;333;6;10;211;316
16.04.2023;Fruehling;Sonnig;Sunday;False;False;327;216;324;6;8;200;300
17.04.2023;Fruehling;Regnerisch;Monday;False;False;200;207;310;6;9;110;166
18.04.2023;Fruehling;Bewoelkt;Tuesday;False;False;186;208;313;6;9;130;196
19.04.2023;Fruehling;Sonnig;Wednesday;False;False;188;228;342;6;8;170;255
20.04.2023;Fruehling;Bewoelkt;Thursday;False;False;208;242;362;6;9;127;191
21.04.2023;Fruehling;Sonnig;Friday;False;False;206;246;370;6;9;207;310
22.04.2023;Fruehling;Bewoelkt;Saturday;False;False;357;213;319;6;8;123;185
23.04.2023;Fruehling;Sonnig;Sunday;False;True;346;201;301;7;10;215;322
24.04.2023;Fruehling;Sonnig;Monday;False;True;180;198;296;6;9;207;310
25.04.2023;Fruehling;Sonnig;Tuesday;False;False;202;228;342;7;11;227;341
26.04.2023;Fruehling;Regnerisch;Wednesday;False;False;196;219;328;6;8;121;181
27.04.2023;Fruehling;Bewoelkt;Thursday;False;False;194;225;337;6;8;115;173
28.04.2023;Fruehling;Regnerisch;Friday;False;False;240;242;362;6;9;126;188
29.04.2023;Fruehling;Bewoelkt;Saturday;False;False;388;240;360;6;9;111;167
30.04.2023;Fruehling;Bewoelkt;Sunday;False;False;388;254;381;6;10;102;154
01.05.2023;Fruehling;Sonnig;Monday;True;False;234;257;385;6;9;210;314
02.05.2023;Fruehling;Regnerisch;Tuesday;False;False;190;231;347;6;10;118;176
03.05.2023;Fruehling;Bewoelkt;Wednesday;False;False;214;240;360;7;10;118;178
04.05.2023;Fruehling;Regnerisch;Thursday;False;False;210;225;337;6;8;127;191
05.05.2023;Fruehling;Regnerisch;Friday;False;False;194;236;353;6;8;114;170
06.05.2023;Fruehling;Bewoelkt;Saturday;False;False;483;252;379;5;8;130;194
07.05.2023;Fruehling;Regnerisch;Sunday;False;False;369;225;337;6;8;122;182
08.05.2023;Fruehling;Regnerisch;Monday;False;False;178;231;347;7;10;111;167
09.05.2023;Fruehling;Bewoelkt;Tuesday;False;False;200;232;349;6;10;117;175
10.05.2023;Fruehling;Sonnig;Wednesday;False;False;202;262;392;6;9;184;275
11.05.2023;Fruehling;Sonnig;Thursday;False;False;188;160;239;6;10;205;308
12.05.2023;Fruehling;Bewoelkt;Friday;False;False;186;263;394;6;9;112;168
13.05.2023;Fruehling;Bewoelkt;Saturday;False;True;369;207;310;6;8;103;155
14.05.2023;Fruehling;Bewoelkt;Sunday;False;False;384;278;417;7;10;150;224
15.05.2023;Fruehling;Bewoelkt;Monday;False;False;160;186;278;6;9;130;196
16.05.2023;Fruehling;Sonnig;Tuesday;False;True;244;257;385;6;8;216;325
17.05.2023;Fruehling;Regnerisch;Wednesday;False;False;218;228;342;6;10;139;209
18.05.2023;Fruehling;Sonnig;Thursday;True;False;200;198;296;5;8;242;363
19.05.2023;Fruehling;Regnerisch;Friday;False;True;178;243;365;6;8;138;206
20.05.2023;Fruehling;Sonnig;Saturday;False;False;426;214;322;6;9;207;310
21.05.2023;Fruehling;Sonnig;Sunday;False;True;464;222;333;6;9;192;287
22.05.2023;Fruehling;Bewoelkt;Monday;False;False;160;220;331;6;10;120;180
23.05.2023;Fruehling;Sonnig;Tuesday;False;False;178;225;337;6;9;185;277
24.05.2023;Fruehling;Sonnig;Wednesday;False;False;190;240;360;6;9;185;277
25.05.2023;Fruehling;Sonnig;Thursday;False;False;156;214;322;6;8;201;302
26.05.2023;Fruehling;Regnerisch;Friday;False;False;184;204;305;6;8;134;200
27.05.2023;Fruehling;Bewoelkt;Saturday;False;False;399;232;349;6;10;125;187
28.05.2023;Fruehling;Regnerisch;Sunday;True;False;380;194;292;5;8;138;206
29.05.2023;Fruehling;Sonnig;Monday;True;True;204;201;301;6;8;197;296
30.05.2023;Fruehling;Sonnig;Tuesday;False;True;208;251;376;6;8;192;287
31.05.2023;Fruehling;Sonnig;Wednesday;False;False;186;249;374;6;10;155;233
01.06.2023;Sommer;Sonnig;Thursday;False;False;166;249;374;7;11;205;308
02.06.2023;Sommer;Regnerisch;Friday;False;False;244;228;342;6;9;121;181
03.06.2023;Sommer;Sonnig;Saturday;False;False;414;224;335;6;8;204;306
04.06.2023;Sommer;Regnerisch;Sunday;False;False;388;230;344;6;10;106;160
05.06.2023;Sommer;Sonnig;Monday;False;False;212;213;319;7;11;198;298
06.06.2023;Sommer;Sonnig;Tuesday;False;False;194;217;326;6;9;201;302
07.06.2023;Sommer;Regnerisch;Wednesday;False;False;186;248;371;6;8;121;181
08.06.2023;Sommer;Sonnig;Thursday;True;False;184;214;322;6;10;220;331
09.06.2023;Sommer;Bewoelkt;Friday;False;False;184;254;381;6;9;113;169
10.06.2023;Sommer;Sonnig;Saturday;False;False;399;186;278;6;8;228;343
11.06.2023;Sommer;Sonnig;Sunday;False;False;312;224;335;6;8;216;325
12.06.2023;Sommer;Regnerisch;Monday;False;False;200;243;365;6;10;102;154
13.06.2023;Sommer;Regnerisch;Tuesday;False;False;186;258;388;5;8;112;168
14.06.2023;Sommer;Regnerisch;Wednesday;False;False;234;214;322;6;9;102;154
15.06.2023;Sommer;Bewoelkt;Thursday;False;False;192;214;322;6;10;103;155
16.06.2023;Sommer;Regnerisch;Friday;False;False;200;202;303;7;10;122;184
17.06.2023;Sommer;Bewoelkt;Saturday;False;False;285;228;342;6;9;140;210
18.06.2023;Sommer;Bewoelkt;Sunday;False;False;372;202;303;6;9;122;182
19.06.2023;Sommer;Sonnig;Monday;False;False;196;251;376;7;10;184;275
20.06.2023;Sommer;Bewoelkt;Tuesday;False;False;200;262;392;5;8;115;173
21.06.2023;Sommer;Bewoelkt;Wednesday;False;False;196;205;308;6;8;113;169
22.06.2023;Sommer;Bewoelkt;Thursday;False;False;224;251;376;6;8;124;186
23.06.2023;Sommer;Bewoelkt;Friday;False;False;194;224;335;6;9;103;155
24.06.2023;Sommer;Regnerisch;Saturday;False;False;384;204;305;6;10;129;193
25.06.2023;Sommer;Sonnig;Sunday;False;False;334;226;340;6;10;226;338
26.06.2023;Sommer;Regnerisch;Monday;False;False;182;222;333;6;8;111;167
27.06.2023;Sommer;Regnerisch;Tuesday;False;False;168;217;326;6;10;122;184
28.06.2023;Sommer;Bewoelkt;Wednesday;False;False;228;228;342;6;9;124;186
29.06.2023;Sommer;Regnerisch;Thursday;False;False;180;262;392;5;7;128;192
30.06.2023;Sommer;Regnerisch;Friday;False;False;196;205;308;6;8;132;198
01.07.2023;Sommer;Sonnig;Saturday;False;False;369;245;367;6;10;186;280
02.07.2023;Sommer;Regnerisch;Sunday;False;False;429;243;365;6;8;136;204
03.07.2023;Sommer;Bewoelkt;Monday;False;False;210;224;335;6;8;97;145
04.07.2023;Sommer;Regnerisch;Tuesday;False;False;206;217;326;6;8;117;175
05.07.2023;Sommer;Sonnig;Wednesday;False;False;232;231;347;6;8;216;325
06.07.2023;Sommer;Regnerisch;Thursday;False;False;168;237;356;6;9;122;182
07.07.2023;Sommer;Sonnig;Friday;False;True;194;242;362;6;10;215;322
08.07.2023;Sommer;Sonnig;Saturday;False;False;353;243;365;6;9;188;281
09.07.2023;Sommer;Bewoelkt;Sunday;False;False;346;217;326;6;8;122;182
10.07.2023;Sommer;Sonnig;Monday;False;True;240;226;340;6;9;230;345
11.07.2023;Sommer;Bewoelkt;Tuesday;False;False;176;246;370;6;10;141;211
12.07.2023;Sommer;Regnerisch;Wednesday;False;False;188;207;310;6;8;120;180
13.07.2023;Sommer;Sonnig;Thursday;False;False;192;199;299;6;10;224;337
14.07.2023;Sommer;Regnerisch;Friday;False;True;182;240;360;6;8;120;180
15.07.2023;Sommer;Regnerisch;Saturday;False;False;327;216;324;6;9;119;179
16.07.2023;Sommer;Bewoelkt;Sunday;False;False;312;232;349;6;8;106;160
17.07.2023;Sommer;Bewoelkt;Monday;False;False;220;248;371;6;10;124;186
18.07.2023;Sommer;Regnerisch;Tuesday;False;False;202;245;367;6;10;122;184
19.07.2023;Sommer;Sonnig;Wednesday;False;False;212;230;344;6;9;210;314
20.07.2023;Sommer;Bewoelkt;Thursday;False;False;182;224;335;6;10;134;200
21.07.2023;Sommer;Bewoelkt;Friday;False;False;234;204;305;6;9;104;156
22.07.2023;Sommer;Sonnig;Saturday;False;False;388;263;394;6;9;211;316
23.07.2023;Sommer;Regnerisch;Sunday;False;False;380;239;358;6;10;134;200
24.07.2023;Sommer;Bewoelkt;Monday;False;False;218;219;328;6;8;122;182
25.07.2023;Sommer;Sonnig;Tuesday;False;False;214;232;349;7;10;205;308
26.07.2023;Sommer;Sonnig;Wednesday;False;False;230;217;326;5;8;237;355
27.07.2023;Sommer;Bewoelkt;Thursday;False;False;224;213;319;6;8;143;215
28.07.2023;Sommer;Bewoelkt;Friday;False;False;178;252;379;6;8;118;176
29.07.2023;Sommer;Bewoelkt;Saturday;False;False;391;214;322;6;10;126;190
30.07.2023;Sommer;Bewoelkt;Sunday;False;False;361;240;360;6;10;113;169
31.07.2023;Sommer;Regnerisch;Monday;False;True;194;263;394;6;8;114;172
01.08.2023;Sommer;Bewoelkt;Tuesday;False;True;182;181;271;6;8;126;188
02.08.2023;Sommer;Sonnig;Wednesday;False;False;196;246;370;6;10;200;300
03.08.2023;Sommer;Regnerisch;Thursday;False;False;172;228;342;6;9;109;163
04.08.2023;Sommer;Sonnig;Friday;False;False;182;234;351;6;10;193;290
05.08.2023;Sommer;Bewoelkt;Saturday;False;False;334;193;290;6;10;119;179
06.08.2023;Sommer;Sonnig;Sunday;False;False;361;239;358;7;10;197;296
07.08.2023;Sommer;Sonnig;Monday;False;True;228;224;335;6;8;222;332
08.08.2023;Sommer;Bewoelkt;Tuesday;False;False;232;205;308;7;10;120;180
09.08.2023;Sommer;Sonnig;Wednesday;False;False;188;234;351;6;8;163;245
10.08.2023;Sommer;Bewoelkt;Thursday;False;False;168;187;280;5;8;108;162
11.08.2023;Sommer;Bewoelkt;Friday;False;False;194;213;319;6;9;125;187
12.08.2023;Sommer;Bewoelkt;Saturday;False;False;376;211;317;6;9;109;163
13.08.2023;Sommer;Sonnig;Sunday;False;False;353;204;305;6;8;182;274
14.08.2023;Sommer;Bewoelkt;Monday;False;False;234;234;351;6;10;147;221
15.08.2023;Sommer;Sonnig;Tuesday;True;False;160;208;313;6;8;207;310
16.08.2023;Sommer;Bewoelkt;Wednesday;False;True;226;204;305;6;9;131;197
17.08.2023;Sommer;Bewoelkt;Thursday;False;False;174;260;390;6;8;123;185
18.08.2023;Sommer;Sonnig;Friday;False;False;186;214;322;6;10;186;280
19.08.2023;Sommer;Regnerisch;Saturday;False;False;426;234;351;6;9;118;178
20.08.2023;Sommer;Sonnig;Sunday;False;False;315;240;360;6;8;189;284
21.08.2023;Sommer;Regnerisch;Monday;False;False;200;210;314;6;8;105;157
22.08.2023;Sommer;Regnerisch;Tuesday;False;False;182;205;308;5;8;118;178
23.08.2023;Sommer;Regnerisch;Wednesday;False;True;190;234;351;6;10;128;192
24.08.2023;Sommer;Regnerisch;Thursday;False;False;204;252;379;6;9;118;178
25.08.2023;Sommer;Sonnig;Friday;False;False;240;242;362;6;8;163;245
26.08.2023;Sommer;Bewoelkt;Saturday;False;False;448;193;290;6;9;121;181
27.08.2023;Sommer;Regnerisch;Sunday;False;False;376;217;326;6;8;135;203
28.08.2023;Sommer;Regnerisch;Monday;False;False;222;208;313;6;8;126;190
29.08.2023;Sommer;Regnerisch;Tuesday;False;False;166;251;376;6;9;134;200
30.08.2023;Sommer;Bewoelkt;Wednesday;False;True;218;198;296;6;9;133;199
31.08.2023;Sommer;Sonnig;Thursday;False;True;214;251;376;6;9;207;310
01.09.2023;Herbst;Bewoelkt;Friday;False;False;178;231;347;6;9;109;163
02.09.2023;Herbst;Bewoelkt;Saturday;False;False;365;222;333;6;9;122;184
03.09.2023;Herbst;Sonnig;Sunday;False;False;346;237;356;6;8;212;318
04.09.2023;Herbst;Regnerisch;Monday;False;False;210;224;335;6;9;129;193
05.09.2023;Herbst;Sonnig;Tuesday;False;False;176;219;328;6;10;197;296
06.09.2023;Herbst;Sonnig;Wednesday;False;False;200;234;351;6;9;170;255
07.09.2023;Herbst;Bewoelkt;Thursday;False;True;214;208;313;6;9;134;200
08.09.2023;Herbst;Sonnig;Friday;False;False;222;236;353;6;9;170;255
09.09.2023;Herbst;Sonnig;Saturday;False;False;372;230;344;6;9;200;300
10.09.2023;Herbst;Sonnig;Sunday;False;False;384;234;351;6;9;182;274
11.09.2023;Herbst;Sonnig;Monday;False;False;158;207;310;6;9;218;326
12.09.2023;Herbst;Sonnig;Tuesday;False;False;186;213;319;5;8;197;296
13.09.2023;Herbst;Bewoelkt;Wednesday;False;False;220;258;388;6;10;103;155
14.09.2023;Herbst;Regnerisch;Thursday;False;False;180;231;347;6;10;107;161
15.09.2023;Herbst;Regnerisch;Friday;False;False;180;207;310;5;8;118;178
16.09.2023;Herbst;Regnerisch;Saturday;False;False;376;211;317;6;10;122;184
17.09.2023;Herbst;Regnerisch;Sunday;False;False;319;213;319;6;8;131;197
18.09.2023;Herbst;Bewoelkt;Monday;False;False;212;243;365;6;9;124;186
19.09.2023;Herbst;Sonnig;Tuesday;False;False;176;216;324;6;10;207;310
20.09.2023;Herbst;Sonnig;Wednesday;False;False;208;248;371;6;9;192;287
21.09.2023;Herbst;Regnerisch;Thursday;False;False;206;214;322;6;9;134;200
22.09.2023;Herbst;Bewoelkt;Friday;False;False;180;231;347;6;10;115;173
23.09.2023;Herbst;Sonnig;Saturday;False;False;445;239;358;6;8;234;351
24.09.2023;Herbst;Bewoelkt;Sunday;False;False;365;245;367;6;9;114;172
25.09.2023;Herbst;Regnerisch;Monday;False;False;172;216;324;6;9;116;174
26.09.2023;Herbst;Regnerisch;Tuesday;False;False;182;239;358;6;8;114;172
27.09.2023;Herbst;Regnerisch;Wednesday;False;False;182;222;333;5;8;129;193
28.09.2023;Herbst;Regnerisch;Thursday;False;False;212;242;362;7;10;125;187
29.09.2023;Herbst;Bewoelkt;Friday;False;False;202;248;371;6;8;128;192
30.09.2023;Herbst;Regnerisch;Saturday;False;True;414;240;360;6;9;101;151
01.10.2023;Herbst;Sonnig;Sunday;False;False;418;202;303;6;8;198;298
02.10.2023;Herbst;Bewoelkt;Monday;False;False;216;245;367;6;10;121;181
03.10.2023;Herbst;Bewoelkt;Tuesday;False;False;182;224;335;5;8;122;182
04.10.2023;Herbst;Regnerisch;Wednesday;False;False;194;231;347;7;11;130;196
05.10.2023;Herbst;Regnerisch;Thursday;False;False;194;224;335;6;9;123;185
06.10.2023;Herbst;Bewoelkt;Friday;False;False;170;231;347;6;8;114;172
07.10.2023;Herbst;Bewoelkt;Saturday;False;False;323;193;290;6;8;129;193
08.10.2023;Herbst;Sonnig;Sunday;False;False;304;249;374;6;8;197;296
09.10.2023;Herbst;Regnerisch;Monday;False;False;180;230;344;6;10;136;204
10.10.2023;Herbst;Sonnig;Tuesday;False;False;176;222;333;6;9;166;249
11.10.2023;Herbst;Sonnig;Wednesday;False;True;208;237;356;6;9;207;310
12.10.2023;Herbst;Regnerisch;Thursday;False;False;190;220;331;6;9;107;161
13.10.2023;Herbst;Regnerisch;Friday;False;False;198;224;335;7;10;119;179
14.10.2023;Herbst;Bewoelkt;Saturday;False;False;407;225;337;6;9;146;218
15.10.2023;Herbst;Regnerisch;Sunday;False;False;361;243;365;6;10;111;167
16.10.2023;Herbst;Regnerisch;Monday;False;False;198;216;324;6;8;115;173
17.10.2023;Herbst;Bewoelkt;Tuesday;False;False;180;205;308;5;8;109;163
18.10.2023;Herbst;Bewoelkt;Wednesday;False;False;196;242;362;6;10;115;173
19.10.2023;Herbst;Regnerisch;Thursday;False;False;202;257;385;6;8;110;166
20.10.2023;Herbst;Regnerisch;Friday;False;True;186;243;365;6;8;131;197
21.10.2023;Herbst;Regnerisch;Saturday;False;False;369;216;324;6;9;121;181
22.10.2023;Herbst;Regnerisch;Sunday;False;False;399;249;374;6;10;125;187
23.10.2023;Herbst;Bewoelkt;Monday;False;False;174;214;322;6;8;108;162
24.10.2023;Herbst;Sonnig;Tuesday;False;False;194;249;374;6;10;188;281
25.10.2023;Herbst;Regnerisch;Wednesday;False;True;208;240;360;6;9;118;178
26.10.2023;Herbst;Sonnig;Thursday;True;False;220;214;322;6;9;210;314
27.10.2023;Herbst;Bewoelkt;Friday;False;False;176;192;287;7;11;128;192
28.10.2023;Herbst;Sonnig;Saturday;False;False;369;225;337;6;10;200;300
29.10.2023;Herbst;Regnerisch;Sunday;False;True;350;249;374;6;10;108;162
30.10.2023;Herbst;Regnerisch;Monday;False;False;190;230;344;5;8;112;168
31.10.2023;Herbst;Bewoelkt;Tuesday;False;False;208;237;356;6;9;132;198
01.11.2023;Herbst;Regnerisch;Wednesday;True;False;216;240;360;6;8;137;205
02.11.2023;Herbst;Bewoelkt;Thursday;False;False;172;216;324;6;9;116;174
03.11.2023;Herbst;Regnerisch;Friday;False;False;230;219;328;6;9;118;178
04.11.2023;Herbst;Regnerisch;Saturday;False;True;346;248;371;6;9;122;184
05.11.2023;Herbst;Bewoelkt;Sunday;False;False;353;184;276;6;10;120;180
06.11.2023;Herbst;Bewoelkt;Monday;False;False;228;226;340;5;8;135;203
07.11.2023;Herbst;Sonnig;Tuesday;False;False;218;216;324;6;8;212;318
08.11.2023;Herbst;Bewoelkt;Wednesday;False;False;214;217;326;7;10;112;168
09.11.2023;Herbst;Regnerisch;Thursday;False;False;212;255;383;7;10;131;197
10.11.2023;Herbst;Sonnig;Friday;False;False;234;251;376;6;9;252;377
11.11.2023;Herbst;Regnerisch;Saturday;False;False;365;230;344;6;10;104;156
12.11.2023;Herbst;Bewoelkt;Sunday;False;False;395;211;317;6;8;121;181
13.11.2023;Herbst;Bewoelkt;Monday;False;False;206;228;342;6;9;115;173
14.11.2023;Herbst;Sonnig;Tuesday;False;False;184;228;342;6;10;180;269
15.11.2023;Herbst;Bewoelkt;Wednesday;False;False;160;236;353;6;8;125;187
16.11.2023;Herbst;Sonnig;Thursday;False;False;232;248;371;6;9;176;263
17.11.2023;Herbst;Regnerisch;Friday;False;False;178;217;326;6;10;105;157
18.11.2023;Herbst;Regnerisch;Saturday;False;False;422;216;324;6;10;127;191
19.11.2023;Herbst;Regnerisch;Sunday;False;False;357;248;371;6;9;133;199
20.11.2023;Herbst;Sonnig;Monday;False;False;196;196;294;6;8;200;300
21.11.2023;Herbst;Regnerisch;Tuesday;False;True;190;220;331;6;10;132;198
22.11.2023;Herbst;Sonnig;Wednesday;False;False;206;208;313;5;8;224;337
23.11.2023;Herbst;Sonnig;Thursday;False;False;204;220;331;6;9;208;312
24.11.2023;Herbst;Regnerisch;Friday;False;False;212;270;406;6;9;114;172
25.11.2023;Herbst;Bewoelkt;Saturday;False;True;399;236;353;7;10;118;178
26.11.2023;Herbst;Sonnig;Sunday;False;False;312;204;305;6;8;205;308
27.11.2023;Herbst;Bewoelkt;Monday;False;False;224;225;337;6;10;118;178
28.11.2023;Herbst;Sonnig;Tuesday;False;False;190;214;322;6;8;178;267
29.11.2023;Herbst;Sonnig;Wednesday;False;False;176;228;342;6;9;207;310
30.11.2023;Herbst;Bewoelkt;Thursday;False;False;204;205;308;5;7;129;193
01.12.2023;Winter;Sonnig;Friday;False;False;188;214;322;6;8;174;261
02.12.2023;Winter;Bewoelkt;Saturday;False;False;361;232;349;6;10;114;172
03.12.2023;Winter;Schnee;Sunday;False;False;342;236;353;6;10;124;186
04.12.2023;Winter;Schnee;Monday;False;False;200;231;347;5;8;126;188
05.12.2023;Winter;Bewoelkt;Tuesday;False;False;170;255;383;6;10;114;172
06.12.2023;Winter;Bewoelkt;Wednesday;False;False;190;204;305;6;9;141;211
07.12.2023;Winter;Sonnig;Thursday;False;False;214;204;305;6;10;190;286
08.12.2023;Winter;Schnee;Friday;True;False;196;230;344;6;9;126;188
09.12.2023;Winter;Schnee;Saturday;False;False;445;225;337;6;10;108;162
10.12.2023;Winter;Regnerisch;Sunday;False;False;293;214;322;7;11;131;197
11.12.2023;Winter;Bewoelkt;Monday;False;False;222;246;370;6;9;142;212
12.12.2023;Winter;Bewoelkt;Tuesday;False;True;190;237;356;7;10;110;166
13.12.2023;Winter;Bewoelkt;Wednesday;False;True;216;232;349;6;10;131;197
14.12.2023;Winter;Schnee;Thursday;False;False;198;226;340;6;9;134;200
15.12.2023;Winter;Schnee;Friday;False;False;188;232;349;6;8;140;210
16.12.2023;Winter;Regnerisch;Saturday;False;False;327;237;356;6;10;114;172
17.12.2023;Winter;Sonnig;Sunday;False;True;395;262;392;6;9;186;280
18.12.2023;Winter;Regnerisch;Monday;False;False;180;224;335;6;8;110;164
19.12.2023;Winter;Bewoelkt;Tuesday;False;False;178;292;438;6;9;117;175
20.12.2023;Winter;Schnee;Wednesday;False;False;182;210;314;6;9;122;182
21.12.2023;Winter;Schnee;Thursday;False;False;204;236;353;6;10;127;191
22.12.2023;Winter;Bewoelkt;Friday;False;False;234;237;356;6;9;126;190
23.12.2023;Winter;Schnee;Saturday;False;True;304;199;299;6;8;122;182
24.12.2023;Winter;Bewoelkt;Sunday;False;False;372;236;353;6;9;114;172
25.12.2023;Winter;Bewoelkt;Monday;True;False;208;231;347;6;10;110;164
26.12.2023;Winter;Schnee;Tuesday;True;False;202;225;337;6;10;140;210
27.12.2023;Winter;Sonnig;Wednesday;False;True;208;242;362;6;8;194;292
28.12.2023;Winter;Sonnig;Thursday;False;True;208;228;342;6;8;181;271
29.12.2023;Winter;Regnerisch;Friday;False;False;180;199;299;6;10;143;215
30.12.2023;Winter;Schnee;Saturday;False;False;422;228;342;6;10;129;193
31.12.2023;Winter;Sonnig;Sunday;False;False;380;230;344;6;10;204;306
